{"cameraMode":{"drawMode":0,"name":"Shaded","section":"Shading Mode"},"sceneLighting":true,"audioPlay":false,"sceneViewState":{"showFog":true,"showMaterialUpdate":false,"showSkybox":true,"showFlares":true,"showImageEffects":true,"showParticleSystems":true},"in2DMode":false,"pivot":{"x":-0.8411846160888672,"y":7.632542133331299,"z":11.212519645690918},"rotation":{"x":-0.10785256326198578,"y":0.6996507048606873,"z":-0.10811147093772888,"w":-0.6979745626449585},"size":16.661090850830079,"orthographic":false}