{"cameraMode":{"drawMode":0,"name":"Shaded","section":"Shading Mode"},"sceneLighting":false,"audioPlay":false,"sceneViewState":{"showFog":true,"showMaterialUpdate":true,"showSkybox":true,"showFlares":true,"showImageEffects":true,"showParticleSystems":true},"in2DMode":false,"pivot":{"x":-10.07701301574707,"y":55.08274459838867,"z":31.799999237060548},"rotation":{"x":-0.08073219656944275,"y":-0.9045342206954956,"z":0.19790688157081605,"w":-0.3689620792865753},"size":27.964820861816408,"orthographic":false}