{"cameraMode":{"drawMode":0,"name":"Shaded","section":"Shading Mode"},"sceneLighting":false,"audioPlay":false,"sceneViewState":{"showFog":true,"showMaterialUpdate":true,"showSkybox":true,"showFlares":true,"showImageEffects":true,"showParticleSystems":true},"in2DMode":false,"pivot":{"x":486.175048828125,"y":62.12959671020508,"z":523.7971801757813},"rotation":{"x":0.03392892703413963,"y":0.5257512927055359,"z":-0.020987236872315408,"w":0.8497022986412048},"size":176.49880981445313,"orthographic":false}