{"cameraMode":{"drawMode":0,"name":"Shaded","section":"Shading Mode"},"sceneLighting":false,"audioPlay":false,"sceneViewState":{"showFog":true,"showMaterialUpdate":true,"showSkybox":true,"showFlares":true,"showImageEffects":true,"showParticleSystems":true},"in2DMode":false,"pivot":{"x":486.3722229003906,"y":59.13090515136719,"z":523.7266845703125},"rotation":{"x":0.03392892703413963,"y":0.5257512927055359,"z":-0.020987236872315408,"w":0.8497022986412048},"size":50.212650299072269,"orthographic":false}