{"cameraMode":{"drawMode":0,"name":"Shaded","section":"Shading Mode"},"sceneLighting":false,"audioPlay":false,"sceneViewState":{"showFog":false,"showMaterialUpdate":true,"showSkybox":true,"showFlares":true,"showImageEffects":true,"showParticleSystems":true},"in2DMode":false,"pivot":{"x":-90.60002899169922,"y":28.482742309570314,"z":43.6566162109375},"rotation":{"x":0.42481476068496706,"y":0.07535455375909805,"z":-0.03551549091935158,"w":0.9014392495155335},"size":26.929901123046876,"orthographic":false}