{"cameraMode":{"drawMode":0,"name":"Shaded","section":"Shading Mode"},"sceneLighting":true,"audioPlay":false,"sceneViewState":{"showFog":true,"showMaterialUpdate":true,"showSkybox":true,"showFlares":true,"showImageEffects":true,"showParticleSystems":true},"in2DMode":false,"pivot":{"x":-25.793991088867189,"y":22.93701171875,"z":177.89395141601563},"rotation":{"x":0.13042961061000825,"y":-0.6519213914871216,"z":0.11521914601325989,"w":0.7380455136299133},"size":152.56582641601563,"orthographic":false}