{"cameraMode":{"drawMode":0,"name":"Shaded","section":"Shading Mode"},"sceneLighting":false,"audioPlay":false,"sceneViewState":{"showFog":false,"showMaterialUpdate":true,"showSkybox":true,"showFlares":true,"showImageEffects":true,"showParticleSystems":true},"in2DMode":false,"pivot":{"x":16.799999237060548,"y":59.099998474121097,"z":149.89999389648438},"rotation":{"x":-0.05477546527981758,"y":0.9340322613716126,"z":-0.16360418498516084,"w":-0.31275731325149538},"size":17.147424697875978,"orthographic":false}