{"cameraMode":{"drawMode":0,"name":"Shaded","section":"Shading Mode"},"sceneLighting":false,"audioPlay":false,"sceneViewState":{"showFog":false,"showMaterialUpdate":true,"showSkybox":true,"showFlares":true,"showImageEffects":true,"showParticleSystems":true},"in2DMode":false,"pivot":{"x":0.03800000250339508,"y":5.495999813079834,"z":-0.015999972820281984},"rotation":{"x":-0.2526524066925049,"y":0.6051988005638123,"z":-0.21095748245716096,"w":-0.7248435616493225},"size":22.0,"orthographic":false}