{"cameraMode":{"drawMode":0,"name":"Shaded","section":"Shading Mode"},"sceneLighting":false,"audioPlay":false,"sceneViewState":{"showFog":true,"showMaterialUpdate":true,"showSkybox":true,"showFlares":true,"showImageEffects":true,"showParticleSystems":true},"in2DMode":false,"pivot":{"x":16.799999237060548,"y":59.099998474121097,"z":149.89999389648438},"rotation":{"x":-0.21635498106479646,"y":0.5306336879730225,"z":-0.14225657284259797,"w":-0.8070820569992065},"size":28.218400955200197,"orthographic":false}