{"cameraMode":{"drawMode":0,"name":"Shaded","section":"Shading Mode"},"sceneLighting":false,"audioPlay":false,"sceneViewState":{"showFog":true,"showMaterialUpdate":false,"showSkybox":true,"showFlares":true,"showImageEffects":true,"showParticleSystems":true},"in2DMode":false,"pivot":{"x":0.5051499605178833,"y":0.8873500227928162,"z":0.7127500176429749},"rotation":{"x":0.10215822607278824,"y":-0.7791211009025574,"z":0.1316622495651245,"w":0.6043171882629395},"size":4.364356994628906,"orthographic":false}