{"cameraMode":{"drawMode":0,"name":"Shaded","section":"Shading Mode"},"sceneLighting":false,"audioPlay":false,"sceneViewState":{"showFog":true,"showMaterialUpdate":false,"showSkybox":true,"showFlares":true,"showImageEffects":true,"showParticleSystems":true},"in2DMode":false,"pivot":{"x":131.46432495117188,"y":231.99014282226563,"z":127.9875259399414},"rotation":{"x":-0.08750864118337631,"y":0.8761969208717346,"z":-0.17390762269496919,"w":-0.4408825635910034},"size":32.15678024291992,"orthographic":false}